{
    "compile_time": 0.0,
    "est_samples_per_sec": 0,
    "programming_time": 0.0,
    "samples_per_sec": 3685.807975951815,
    "total_samples": 147456.0,
    "total_time": 40.00642490386963
}