{
    "compile_time": 0.0,
    "est_samples_per_sec": 0,
    "programming_time": 0.0,
    "samples_per_sec": 6814.828550238226,
    "total_samples": 64000.0,
    "total_time": 9.391285419464111
}