{
    "compile_time": 0.0,
    "est_samples_per_sec": 0,
    "programming_time": 0.0,
    "samples_per_sec": 51.86254024810682,
    "total_samples": 20000.0,
    "total_time": 385.63479351997375
}