{
    "compile_time": 0.0,
    "est_samples_per_sec": 0,
    "programming_time": 0.0,
    "samples_per_sec": 3210.9530478698816,
    "total_samples": 147456.0,
    "total_time": 45.92281413078308
}