{
    "compile_time": 0.0,
    "est_samples_per_sec": 0,
    "programming_time": 0.0,
    "samples_per_sec": 13069.818030095805,
    "total_samples": 73728.0,
    "total_time": 5.641088485717773
}