{
    "compile_time": 0.0,
    "est_samples_per_sec": 0,
    "programming_time": 0.0,
    "samples_per_sec": 13508.396565580655,
    "total_samples": 73728.0,
    "total_time": 5.4579386711120605
}