{
    "compile_time": 0.0,
    "est_samples_per_sec": 0,
    "programming_time": 0.0,
    "samples_per_sec": 4750.3321937789915,
    "total_samples": 147456.0,
    "total_time": 31.041197538375854
}