{
    "compile_time": 0.0,
    "est_samples_per_sec": 0,
    "programming_time": 0.0,
    "samples_per_sec": 6319.891655092169,
    "total_samples": 147456.0,
    "total_time": 23.332045555114746
}