{
    "compile_time": 0.0,
    "est_samples_per_sec": 0,
    "programming_time": 0.0,
    "samples_per_sec": 3433.371265083927,
    "total_samples": 147456.0,
    "total_time": 42.947875022888184
}