{
    "compile_time": 0.0,
    "est_samples_per_sec": 0,
    "programming_time": 0.0,
    "samples_per_sec": 20059.309513921944,
    "total_samples": 147456.0,
    "total_time": 7.351000785827637
}