{
    "compile_time": 0.0,
    "est_samples_per_sec": 0,
    "programming_time": 0.0,
    "samples_per_sec": 7652.694436675958,
    "total_samples": 147456.0,
    "total_time": 19.268507480621338
}