{
    "compile_time": 0.0,
    "est_samples_per_sec": 0,
    "programming_time": 0.0,
    "samples_per_sec": 3144.302214523167,
    "total_samples": 147456.0,
    "total_time": 46.89625549316406
}