{
    "compile_time": 0.0,
    "est_samples_per_sec": 0,
    "programming_time": 0.0,
    "samples_per_sec": 20023.98929688772,
    "total_samples": 147456.0,
    "total_time": 7.363967180252075
}