{
    "compile_time": 0.0,
    "est_samples_per_sec": 0,
    "programming_time": 0.0,
    "samples_per_sec": 3212.453583055473,
    "total_samples": 147456.0,
    "total_time": 45.90136361122131
}