{
    "compile_time": 0.0,
    "est_samples_per_sec": 0,
    "programming_time": 0.0,
    "samples_per_sec": 13070.82456430887,
    "total_samples": 73728.0,
    "total_time": 5.64065408706665
}