{
    "compile_time": 0.0,
    "est_samples_per_sec": 0,
    "programming_time": 0.0,
    "samples_per_sec": 9911.328616025494,
    "total_samples": 73728.0,
    "total_time": 7.43876051902771
}