{
    "compile_time": 0.0,
    "est_samples_per_sec": 0,
    "programming_time": 0.0,
    "samples_per_sec": 8167.713922875581,
    "total_samples": 73728.0,
    "total_time": 9.026760816574097
}