{
    "compile_time": 0.0,
    "est_samples_per_sec": 0,
    "programming_time": 0.0,
    "samples_per_sec": 8201.866795910795,
    "total_samples": 147456.0,
    "total_time": 17.97834610939026
}