{
    "compile_time": 0.0,
    "est_samples_per_sec": 0,
    "programming_time": 0.0,
    "samples_per_sec": 17663.911385027077,
    "total_samples": 147456.0,
    "total_time": 8.347867965698242
}