{
    "compile_time": 0.0,
    "est_samples_per_sec": 0,
    "programming_time": 0.0,
    "samples_per_sec": 5610.627188529123,
    "total_samples": 147456.0,
    "total_time": 26.281553745269775
}