{
    "compile_time": 0.0,
    "est_samples_per_sec": 0,
    "programming_time": 0.0,
    "samples_per_sec": 9123.318242314628,
    "total_samples": 73728.0,
    "total_time": 8.081270217895508
}