{
    "compile_time": 0.0,
    "est_samples_per_sec": 0,
    "programming_time": 0.0,
    "samples_per_sec": 9139.211078638155,
    "total_samples": 73728.0,
    "total_time": 8.067217111587524
}