{
    "compile_time": 0.0,
    "est_samples_per_sec": 0,
    "programming_time": 0.0,
    "samples_per_sec": 5249.802461385672,
    "total_samples": 147456.0,
    "total_time": 28.087913990020752
}