{
    "compile_time": 0.0,
    "est_samples_per_sec": 0,
    "programming_time": 0.0,
    "samples_per_sec": 3685.6865541188026,
    "total_samples": 147456.0,
    "total_time": 40.0077428817749
}