{
    "compile_time": 0.0,
    "est_samples_per_sec": 0,
    "programming_time": 0.0,
    "samples_per_sec": 9116.346095381514,
    "total_samples": 73728.0,
    "total_time": 8.087450742721558
}