{
    "compile_time": 0.0,
    "est_samples_per_sec": 0,
    "programming_time": 0.0,
    "samples_per_sec": 13557.825936339552,
    "total_samples": 73728.0,
    "total_time": 5.438040018081665
}