{
    "compile_time": 0.0,
    "est_samples_per_sec": 0,
    "programming_time": 0.0,
    "samples_per_sec": 12964.427849164751,
    "total_samples": 73728.0,
    "total_time": 5.686945915222168
}