{
    "compile_time": 0.0,
    "est_samples_per_sec": 0,
    "programming_time": 0.0,
    "samples_per_sec": 3211.654740872201,
    "total_samples": 147456.0,
    "total_time": 45.91278076171875
}