{
    "compile_time": 0.0,
    "est_samples_per_sec": 0,
    "programming_time": 0.0,
    "samples_per_sec": 3687.815516470755,
    "total_samples": 147456.0,
    "total_time": 39.9846465587616
}