{
    "compile_time": 0.0,
    "est_samples_per_sec": 0,
    "programming_time": 0.0,
    "samples_per_sec": 3683.840733072257,
    "total_samples": 147456.0,
    "total_time": 40.02778911590576
}