{
    "compile_time": 0.0,
    "est_samples_per_sec": 0,
    "programming_time": 0.0,
    "samples_per_sec": 3954.0791825729348,
    "total_samples": 147456.0,
    "total_time": 37.292121171951294
}