{
    "compile_time": 0.0,
    "est_samples_per_sec": 0,
    "programming_time": 0.0,
    "samples_per_sec": 17689.119273301378,
    "total_samples": 147456.0,
    "total_time": 8.33597183227539
}