{
    "compile_time": 0.0,
    "est_samples_per_sec": 0,
    "programming_time": 0.0,
    "samples_per_sec": 3661.7525126798055,
    "total_samples": 147456.0,
    "total_time": 40.26924252510071
}