{
    "compile_time": 0.0,
    "est_samples_per_sec": 0,
    "programming_time": 0.0,
    "samples_per_sec": 245.99026514526597,
    "total_samples": 20000.0,
    "total_time": 81.304030418396
}