{
    "compile_time": 0.0,
    "est_samples_per_sec": 0,
    "programming_time": 0.0,
    "samples_per_sec": 4332.150110312436,
    "total_samples": 147456.0,
    "total_time": 34.037601709365845
}